type,pts_value,pts_timescale,host_seconds,appended
video,180972794439125,1000000000,180972.80513808335,true
video,180972802772500,1000000000,180972.80956104168,true
audio,180972796285125,1000000000,180972.820255625,true
video,180972827772333,1000000000,180972.82674437502,true
audio,180972816285125,1000000000,180972.83919991666,true
video,180972844438916,1000000000,180972.84339154168,true
audio,180972836285083,1000000000,180972.86050933335,true
video,180972861105500,1000000000,180972.8609625417,true
video,180972877772166,1000000000,180972.877692375,true
audio,180972856285125,1000000000,180972.88175858333,true
video,180972894438750,1000000000,180972.89457608334,true
audio,180972876285125,1000000000,180972.90309583335,true
video,180972919438625,1000000000,180972.91393279168,true
audio,180972896285083,1000000000,180972.92453675,true
video,180972936105250,1000000000,180972.93067404168,true
audio,180972916285125,1000000000,180972.9458569167,true
video,180972952771833,1000000000,180972.949100875,true
video,180972969438458,1000000000,180972.96684879166,true
audio,180972936285125,1000000000,180972.96715395834,true
video,180972986105041,1000000000,180972.98373433333,true
audio,180972956285125,1000000000,180972.98850170834,true
video,180973002771666,1000000000,180973.001361875,true
audio,180972976285125,1000000000,180973.00983333334,true
video,180973019438250,1000000000,180973.01885625,true
audio,180972996285125,1000000000,180973.03120129168,true
video,180973036104833,1000000000,180973.03557654168,true
video,180973052771458,1000000000,180973.05237545836,true
audio,180973016285125,1000000000,180973.05250341666,true
video,180973069438041,1000000000,180973.06939966668,true
audio,180973036285125,1000000000,180973.07383204167,true
video,180973086104666,1000000000,180973.08620870835,true
audio,180973056285083,1000000000,180973.09516683334,true
video,180973111104541,1000000000,180973.10573845834,true
audio,180973076285125,1000000000,180973.1164862917,true
audio,180973096285125,1000000000,180973.11653312502,true
video,180973127771166,1000000000,180973.12414925,true
audio,180973116285083,1000000000,180973.13786737502,true
video,180973144437750,1000000000,180973.14180716668,true
video,180973161104375,1000000000,180973.15873633334,true
audio,180973136285125,1000000000,180973.15915558336,true
video,180973177770916,1000000000,180973.17601733335,true
audio,180973156285125,1000000000,180973.1805416667,true
video,180973194437500,1000000000,180973.1930935417,true
audio,180973176285125,1000000000,180973.2018726667,true
video,180973211104125,1000000000,180973.21085825,true
audio,180973196285125,1000000000,180973.2231237917,true
video,180973227770708,1000000000,180973.2273707917,true
audio,180973216285125,1000000000,180973.24446895835,true
video,180973244437291,1000000000,180973.24471695835,true
video,180973269437166,1000000000,180973.26401345833,true
audio,180973236285125,1000000000,180973.26583062502,true
video,180973286103833,1000000000,180973.2818787917,true
audio,180973256285125,1000000000,180973.28718854167,true
video,180973302770458,1000000000,180973.29920308336,true
audio,180973276285125,1000000000,180973.30853991667,true
video,180973319437041,1000000000,180973.31692370833,true
audio,180973296285125,1000000000,180973.32979904168,true
video,180973336103625,1000000000,180973.33402483334,true
audio,180973316285125,1000000000,180973.35121495835,true
video,180973352770208,1000000000,180973.35136829168,true
video,180973369436791,1000000000,180973.36834566668,true
audio,180973336285083,1000000000,180973.37250595834,true
video,180973386103500,1000000000,180973.38621025,true
audio,180973356285125,1000000000,180973.3938595,true
video,180973402770041,1000000000,180973.4028999167,true
audio,180973376285125,1000000000,180973.41520575,true
video,180973419436625,1000000000,180973.41967958334,true
audio,180973396285083,1000000000,180973.43652820835,true
audio,180973416285125,1000000000,180973.43656200002,true
video,180973444436583,1000000000,180973.43907975,true
video,180973461103125,1000000000,180973.45696475002,true
audio,180973436285125,1000000000,180973.45784054167,true
video,180973477769750,1000000000,180973.47440416669,true
audio,180973456285125,1000000000,180973.479125125,true
video,180973494436333,1000000000,180973.491430375,true
audio,180973476285125,1000000000,180973.500531,true
video,180973511102958,1000000000,180973.50868441668,true
audio,180973496285125,1000000000,180973.52180275,true
video,180973527769541,1000000000,180973.5255569167,true
audio,180973516285125,1000000000,180973.54311533333,true
audio,180973536285125,1000000000,180973.56444633333,true
audio,180973556285083,1000000000,180973.58584991668,true
audio,180973576285125,1000000000,180973.60723804167,true
video,180973619435875,1000000000,180973.61582875001,true
audio,180973596285125,1000000000,180973.62849233334,true
video,180973636102458,1000000000,180973.63371875,true
audio,180973616285083,1000000000,180973.64983837501,true
audio,180973636285125,1000000000,180973.67113254167,true
audio,180973656285125,1000000000,180973.69257137502,true
audio,180973676285125,1000000000,180973.7139971667,true
video,180973711101791,1000000000,180973.71991816667,true
audio,180973696285125,1000000000,180973.73517125,true
video,180973736101958,1000000000,180973.73759137501,true
video,180973761101875,1000000000,180973.75603208336,true
audio,180973716285125,1000000000,180973.756509875,true
audio,180973736285125,1000000000,180973.75657116668,true
video,180973777768500,1000000000,180973.77515120833,true
audio,180973756285125,1000000000,180973.77777725,true
video,180973794435166,1000000000,180973.79221395834,true
video,180973811101750,1000000000,180973.80988170835,true
audio,180973776285125,1000000000,180973.8205127917,true
video,180973827768333,1000000000,180973.82670912502,true
audio,180973796285125,1000000000,180973.84186216668,true
video,180973844434916,1000000000,180973.84347787502,true
video,180973861101500,1000000000,180973.86042708333,true
audio,180973816285125,1000000000,180973.86319941666,true
video,180973877768166,1000000000,180973.877451375,true
audio,180973836285083,1000000000,180973.88451925002,true
video,180973894434750,1000000000,180973.89471458335,true
audio,180973856285125,1000000000,180973.90586833336,true
video,180973919434625,1000000000,180973.91438970834,true
audio,180973876285125,1000000000,180973.92716733334,true
audio,180973896285083,1000000000,180973.927206625,true
video,180973936101250,1000000000,180973.93238858334,true
audio,180973916285125,1000000000,180973.9485665417,true
video,180973952767875,1000000000,180973.94926891668,true
video,180973969434416,1000000000,180973.96719716667,true
audio,180973936285125,1000000000,180973.96986920835,true
video,180973986101041,1000000000,180973.98489983333,true
audio,180973956285125,1000000000,180973.99117920836,true
video,180974002767666,1000000000,180974.001694625,true
audio,180973976285125,1000000000,180974.0124887917,true
video,180974019434250,1000000000,180974.01844875002,true
audio,180973996285125,1000000000,180974.03384054167,true
video,180974036100833,1000000000,180974.03581058336,true
video,180974052767458,1000000000,180974.05261866667,true
audio,180974016285125,1000000000,180974.05513800003,true
video,180974069434041,1000000000,180974.069617375,true
audio,180974036285125,1000000000,180974.07655054168,true
video,180974094433916,1000000000,180974.08921966667,true
audio,180974056285083,1000000000,180974.0979465,true
video,180974111100541,1000000000,180974.10612862502,true
audio,180974076285125,1000000000,180974.11918595835,true
video,180974127767166,1000000000,180974.12291258335,true
video,180974144433750,1000000000,180974.13975779168,true
audio,180974096285125,1000000000,180974.14056729167,true
video,180974161100333,1000000000,180974.15692304168,true
audio,180974116285083,1000000000,180974.16184145835,true
video,180974177766958,1000000000,180974.1742691667,true
audio,180974136285125,1000000000,180974.18323945833,true
video,180974194433583,1000000000,180974.19119079167,true
audio,180974156285125,1000000000,180974.204547375,true
video,180974211100125,1000000000,180974.20887716667,true
audio,180974176285125,1000000000,180974.22585404167,true
video,180974227766750,1000000000,180974.22637466667,true
video,180974244433333,1000000000,180974.24328995834,true
audio,180974196285125,1000000000,180974.24729250002,true
audio,180974216285125,1000000000,180974.24734587502,true
video,180974261099916,1000000000,180974.26015566668,true
audio,180974236285125,1000000000,180974.26856083336,true
video,180974277766500,1000000000,180974.27761337502,true
audio,180974256285125,1000000000,180974.28988395835,true
video,180974294433083,1000000000,180974.29478958333,true
audio,180974276285125,1000000000,180974.31124358333,true
video,180974311099750,1000000000,180974.31138570834,true
video,180974336099666,1000000000,180974.33120191668,true
audio,180974296285125,1000000000,180974.33247970833,true
video,180974352766250,1000000000,180974.34899391668,true
audio,180974316285125,1000000000,180974.353802875,true
video,180974369432791,1000000000,180974.365946375,true
audio,180974336285083,1000000000,180974.375231125,true
video,180974386099458,1000000000,180974.38382037502,true
audio,180974356285125,1000000000,180974.39651870835,true
video,180974402766000,1000000000,180974.40039908333,true
video,180974419432625,1000000000,180974.41702925,true
audio,180974376285125,1000000000,180974.41783979168,true
video,180974436099291,1000000000,180974.43421145834,true
audio,180974396285083,1000000000,180974.43916366668,true
video,180974452765875,1000000000,180974.45148016667,true
audio,180974416285125,1000000000,180974.46051562502,true
video,180974469432458,1000000000,180974.46808875,true
audio,180974436285125,1000000000,180974.48182091667,true
video,180974486099041,1000000000,180974.48555045834,true
video,180974502765666,1000000000,180974.50260754168,true
audio,180974456285125,1000000000,180974.50318883333,true
video,180974519432250,1000000000,180974.51957645835,true
audio,180974476285125,1000000000,180974.52451804167,true
video,180974536098833,1000000000,180974.5363197917,true
audio,180974496285125,1000000000,180974.54588241669,true
video,180974561098791,1000000000,180974.55533275002,true
audio,180974516285125,1000000000,180974.56718466667,true
audio,180974536285125,1000000000,180974.56722725002,true
audio,180974556285083,1000000000,180974.58849208333,true
video,180974586098625,1000000000,180974.59055920836,true
video,180974602765250,1000000000,180974.60796975,true
audio,180974576285125,1000000000,180974.60980416668,true
video,180974627765083,1000000000,180974.62474879168,true
audio,180974596285125,1000000000,180974.63114491667,true
audio,180974616285083,1000000000,180974.65245541668,true
video,180974652765000,1000000000,180974.66049470834,true
audio,180974636285125,1000000000,180974.6738375417,true
video,180974677764875,1000000000,180974.67821462502,true
audio,180974656285125,1000000000,180974.69511287502,true
video,180974702764791,1000000000,180974.69754470835,true
video,180974719431416,1000000000,180974.71463470833,true
audio,180974676285125,1000000000,180974.7165675,true
video,180974736098041,1000000000,180974.7322780417,true
audio,180974696285125,1000000000,180974.737893125,true
video,180974752764666,1000000000,180974.750277,true
audio,180974716285125,1000000000,180974.759200125,true
video,180974769431250,1000000000,180974.76720445833,true
audio,180974736285125,1000000000,180974.7805294167,true
video,180974786097833,1000000000,180974.784927375,true
audio,180974756285125,1000000000,180974.8018336667,true
video,180974802764416,1000000000,180974.80253108335,true
audio,180974776285125,1000000000,180974.8124560417,true
video,180974819431041,1000000000,180974.81956766668,true
audio,180974796285125,1000000000,180974.83387679167,true
video,180974836097583,1000000000,180974.8364132917,true
video,180974852764208,1000000000,180974.85306191668,true
audio,180974816285125,1000000000,180974.85519187502,true
video,180974877764125,1000000000,180974.874427875,true
audio,180974836285083,1000000000,180974.87654650002,true
video,180974894430750,1000000000,180974.89173937502,true
audio,180974856285125,1000000000,180974.89784408335,true
video,180974911097291,1000000000,180974.90904300002,true
audio,180974876285125,1000000000,180974.91911733334,true
audio,180974896285083,1000000000,180974.91916054167,true
video,180974927763916,1000000000,180974.92653833335,true
audio,180974916285125,1000000000,180974.94049745833,true
video,180974944430500,1000000000,180974.94320275,true
video,180974961097125,1000000000,180974.960857875,true
audio,180974936285125,1000000000,180974.96184495834,true
video,180974977763750,1000000000,180974.9776187917,true
audio,180974956285125,1000000000,180974.98320616668,true
video,180974994430291,1000000000,180974.99442975002,true
audio,180974976285125,1000000000,180975.00452233336,true
video,180975011096916,1000000000,180975.01126145833,true
audio,180974996285125,1000000000,180975.02591741667,true
video,180975027763500,1000000000,180975.02804137502,true
video,180975044430083,1000000000,180975.04466395834,true
audio,180975016285125,1000000000,180975.047211375,true
video,180975069430041,1000000000,180975.06536870834,true
audio,180975036285125,1000000000,180975.0685287917,true
video,180975086096625,1000000000,180975.08227158335,true
audio,180975056285083,1000000000,180975.08987133333,true
video,180975102763250,1000000000,180975.09979600002,true
audio,180975076285125,1000000000,180975.11122170836,true
video,180975119429833,1000000000,180975.11650341668,true
audio,180975096285125,1000000000,180975.13260233335,true
video,180975136096416,1000000000,180975.133879,true
video,180975152763041,1000000000,180975.15106125,true
audio,180975116285083,1000000000,180975.15385341668,true
video,180975169429625,1000000000,180975.1687611667,true
audio,180975136285125,1000000000,180975.17521062502,true
video,180975186096250,1000000000,180975.185856125,true
audio,180975156285125,1000000000,180975.196479625,true
video,180975202762791,1000000000,180975.20331283336,true
audio,180975176285125,1000000000,180975.2178055,true
video,180975227762750,1000000000,180975.22417675002,true
audio,180975196285125,1000000000,180975.23921020835,true
audio,180975216285125,1000000000,180975.23930066667,true
video,180975244429333,1000000000,180975.241201125,true
video,180975261095958,1000000000,180975.257686,true
audio,180975236285125,1000000000,180975.26052912502,true
video,180975277762541,1000000000,180975.27550191668,true
audio,180975256285125,1000000000,180975.2818744167,true
video,180975294429125,1000000000,180975.29257425002,true
audio,180975276285125,1000000000,180975.3032482917,true
video,180975311095750,1000000000,180975.30953525,true
audio,180975296285125,1000000000,180975.32459937502,true
video,180975327762333,1000000000,180975.32700183336,true
video,180975344428875,1000000000,180975.34459583333,true
audio,180975316285125,1000000000,180975.34578441668,true
video,180975361095541,1000000000,180975.36133837502,true
audio,180975336285083,1000000000,180975.36721141668,true
video,180975386095416,1000000000,180975.38101112502,true
audio,180975356285125,1000000000,180975.38868158334,true
video,180975402762000,1000000000,180975.39775583334,true
audio,180975376285125,1000000000,180975.40988858335,true
video,180975419428583,1000000000,180975.414969625,true
audio,180975396285083,1000000000,180975.43128479167,true
video,180975436095208,1000000000,180975.43172570833,true
video,180975452761791,1000000000,180975.44964537502,true
audio,180975416285125,1000000000,180975.45252475,true
video,180975469428375,1000000000,180975.46732325002,true
audio,180975436285125,1000000000,180975.47391687502,true
video,180975486095000,1000000000,180975.48422079167,true
audio,180975456285125,1000000000,180975.49516154168,true
video,180975502761625,1000000000,180975.50204116668,true
audio,180975476285125,1000000000,180975.51663854168,true
video,180975519428208,1000000000,180975.51950854168,true
video,180975536094791,1000000000,180975.536367875,true
audio,180975496285125,1000000000,180975.53784379168,true
video,180975561094708,1000000000,180975.55670504167,true
audio,180975516285125,1000000000,180975.559218625,true
audio,180975536285125,1000000000,180975.55926462502,true
video,180975577761291,1000000000,180975.57438183334,true
audio,180975556285083,1000000000,180975.58053579167,true
video,180975594427875,1000000000,180975.59106220835,true
audio,180975576285125,1000000000,180975.601872625,true
video,180975611094500,1000000000,180975.60784970835,true
audio,180975596285125,1000000000,180975.62320125,true
video,180975627761125,1000000000,180975.62475204168,true
video,180975644427708,1000000000,180975.64250833335,true
audio,180975616285083,1000000000,180975.64454695836,true
video,180975661094291,1000000000,180975.65911966667,true
audio,180975636285125,1000000000,180975.66588100002,true
video,180975677760916,1000000000,180975.676000375,true
audio,180975656285125,1000000000,180975.6871960417,true
video,180975694427500,1000000000,180975.69390604168,true
audio,180975676285125,1000000000,180975.70856333335,true
video,180975711094083,1000000000,180975.71138395835,true
audio,180975696285125,1000000000,180975.72986737502,true
video,180975736094000,1000000000,180975.731766,true
video,180975752760666,1000000000,180975.7497835417,true
audio,180975716285125,1000000000,180975.75112741668,true
video,180975769427208,1000000000,180975.76759254167,true
audio,180975736285125,1000000000,180975.77252629166,true
video,180975786093791,1000000000,180975.78463170835,true
audio,180975756285125,1000000000,180975.793838125,true
video,180975802760416,1000000000,180975.80151470835,true
audio,180975776285125,1000000000,180975.81518033333,true
video,180975819427000,1000000000,180975.8185670417,true
video,180975836093583,1000000000,180975.83589391666,true
audio,180975796285125,1000000000,180975.8364935,true
video,180975852760250,1000000000,180975.85268495834,true
audio,180975816285125,1000000000,180975.857900375,true
video,180975869426833,1000000000,180975.86961720834,true
audio,180975836285083,1000000000,180975.87923766667,true
video,180975886093375,1000000000,180975.88624179168,true
audio,180975856285125,1000000000,180975.90054029168,true
video,180975911093250,1000000000,180975.90602195833,true
audio,180975876285125,1000000000,180975.92194458336,true
audio,180975896285083,1000000000,180975.92200558336,true
video,180975927759875,1000000000,180975.92300433334,true
video,180975944426500,1000000000,180975.94011133336,true
audio,180975916285125,1000000000,180975.94314745834,true
video,180975961093083,1000000000,180975.95819766668,true
audio,180975936285125,1000000000,180975.964496375,true
video,180975977759708,1000000000,180975.97561875,true
audio,180975956285125,1000000000,180975.985833,true
video,180975994426291,1000000000,180975.99269900002,true
audio,180975976285125,1000000000,180976.00726225,true
video,180976011092916,1000000000,180976.00945625,true
video,180976027759458,1000000000,180976.02656816668,true
audio,180975996285125,1000000000,180976.02846333335,true
video,180976044426083,1000000000,180976.04358233334,true
audio,180976016285125,1000000000,180976.04984741667,true
video,180976061092708,1000000000,180976.06090775,true
audio,180976036285125,1000000000,180976.07118145833,true
video,180976077759291,1000000000,180976.07804733334,true
audio,180976056285083,1000000000,180976.09252266667,true
video,180976102759208,1000000000,180976.0980345,true
audio,180976076285125,1000000000,180976.11388420835,true
video,180976119425791,1000000000,180976.11581104167,true
video,180976136092416,1000000000,180976.13294345833,true
audio,180976096285125,1000000000,180976.13518645836,true
video,180976152759000,1000000000,180976.15019529167,true
audio,180976116285083,1000000000,180976.15651575002,true
video,180976169425625,1000000000,180976.16782937502,true
audio,180976136285125,1000000000,180976.177845875,true
video,180976186092208,1000000000,180976.18425737502,true
audio,180976156285125,1000000000,180976.19918645834,true
video,180976202758791,1000000000,180976.20159854167,true
video,180976219425375,1000000000,180976.21851916666,true
audio,180976176285125,1000000000,180976.220455875,true
video,180976236092000,1000000000,180976.23600262502,true
audio,180976196285125,1000000000,180976.241879,true
audio,180976216285125,1000000000,180976.241919625,true
video,180976252758583,1000000000,180976.253054375,true
audio,180976236285125,1000000000,180976.26320220836,true
video,180976277758500,1000000000,180976.27330820836,true
audio,180976256285125,1000000000,180976.284529125,true
video,180976294425083,1000000000,180976.29051225,true
audio,180976276285125,1000000000,180976.30587575,true
video,180976311091708,1000000000,180976.3076975417,true
video,180976327758291,1000000000,180976.32544000002,true
audio,180976296285125,1000000000,180976.32720395835,true
video,180976344424875,1000000000,180976.34265562502,true
audio,180976316285125,1000000000,180976.34848508335,true
video,180976361091500,1000000000,180976.35958708334,true
audio,180976336285083,1000000000,180976.36979375,true
video,180976377758083,1000000000,180976.37727095836,true
audio,180976356285125,1000000000,180976.391217375,true
video,180976394424708,1000000000,180976.39403337502,true
video,180976411091291,1000000000,180976.411291875,true
audio,180976376285125,1000000000,180976.41250425,true
video,180976436091166,1000000000,180976.43153570834,true
audio,180976396285083,1000000000,180976.433842875,true
video,180976452757750,1000000000,180976.4492700417,true
audio,180976416285125,1000000000,180976.45526104167,true
video,180976469424333,1000000000,180976.46625329167,true
audio,180976436285125,1000000000,180976.4765644167,true
video,180976486090958,1000000000,180976.4831267917,true
audio,180976456285125,1000000000,180976.49789250002,true
video,180976502757541,1000000000,180976.50009241668,true
video,180976519424166,1000000000,180976.51743937502,true
audio,180976476285125,1000000000,180976.51923666667,true
video,180976536090750,1000000000,180976.53532654166,true
audio,180976496285125,1000000000,180976.54051541668,true
video,180976552757416,1000000000,180976.552906875,true
audio,180976516285125,1000000000,180976.5618365417,true
audio,180976536285125,1000000000,180976.56188595833,true
video,180976569423958,1000000000,180976.569743125,true
audio,180976556285083,1000000000,180976.58318454167,true
audio,180976576285125,1000000000,180976.60457916668,true
video,180976611090458,1000000000,180976.60559766667,true
audio,180976596285125,1000000000,180976.6258390417,true
video,180976636090291,1000000000,180976.63965408335,true
audio,180976616285083,1000000000,180976.647220125,true
video,180976652756958,1000000000,180976.65810283335,true
audio,180976636285125,1000000000,180976.66853000002,true
video,180976677756791,1000000000,180976.67587270835,true
audio,180976656285125,1000000000,180976.68984154167,true
video,180976694423500,1000000000,180976.6938882917,true
video,180976711090041,1000000000,180976.710751375,true
audio,180976676285125,1000000000,180976.71114633334,true
video,180976727756666,1000000000,180976.72818620835,true
audio,180976696285125,1000000000,180976.73256912502,true
video,180976744423291,1000000000,180976.74483183335,true
audio,180976716285125,1000000000,180976.75385108334,true
video,180976769423208,1000000000,180976.7665976667,true
audio,180976736285125,1000000000,180976.77516383334,true
video,180976786089791,1000000000,180976.784079125,true
audio,180976756285125,1000000000,180976.79650208334,true
video,180976802756375,1000000000,180976.801561,true
audio,180976776285125,1000000000,180976.81780345834,true
video,180976819422958,1000000000,180976.81953316668,true
video,180976836089583,1000000000,180976.83655254167,true
audio,180976796285125,1000000000,180976.83919379167,true
video,180976861089458,1000000000,180976.85677983335,true
audio,180976816285125,1000000000,180976.86054158333,true
video,180976877756041,1000000000,180976.87464658334,true
audio,180976836285083,1000000000,180976.88185058333,true
video,180976894422708,1000000000,180976.89199175002,true
audio,180976856285125,1000000000,180976.90320458333,true
video,180976911089250,1000000000,180976.90868154168,true
audio,180976876285125,1000000000,180976.92454225002,true
audio,180976896285083,1000000000,180976.92458570836,true
video,180976927755875,1000000000,180976.92585983334,true
video,180976944422458,1000000000,180976.94346929167,true
audio,180976916285125,1000000000,180976.94584625002,true
video,180976961089000,1000000000,180976.961626,true
audio,180976936285125,1000000000,180976.96720025002,true
video,180976986089000,1000000000,180976.98160225002,true
audio,180976956285125,1000000000,180976.98851891668,true
video,180977002755541,1000000000,180976.99908329168,true
audio,180976976285125,1000000000,180977.00987320836,true
video,180977019422125,1000000000,180977.01563533334,true
audio,180976996285125,1000000000,180977.03120520833,true
video,180977036088708,1000000000,180977.03262058334,true
video,180977052755333,1000000000,180977.04960283334,true
audio,180977016285125,1000000000,180977.05253325,true
video,180977069421958,1000000000,180977.06740612502,true
audio,180977036285125,1000000000,180977.07383533334,true
video,180977086088541,1000000000,180977.0842571667,true
audio,180977056285083,1000000000,180977.095206375,true
video,180977102755166,1000000000,180977.10084758335,true
audio,180977076285125,1000000000,180977.11650758336,true
video,180977119421791,1000000000,180977.1183165417,true
video,180977136088333,1000000000,180977.13620958335,true
audio,180977096285125,1000000000,180977.13784658335,true
video,180977152754916,1000000000,180977.15306358333,true
audio,180977116285083,1000000000,180977.1591525,true
video,180977177754916,1000000000,180977.17336658333,true
audio,180977136285125,1000000000,180977.18048495834,true
video,180977194421416,1000000000,180977.19120070833,true
audio,180977156285125,1000000000,180977.201899875,true
video,180977211088041,1000000000,180977.20838625001,true
audio,180977176285125,1000000000,180977.22320820834,true
video,180977227754666,1000000000,180977.22531316668,true
video,180977244421250,1000000000,180977.24222904167,true
audio,180977196285125,1000000000,180977.24448429167,true
audio,180977216285125,1000000000,180977.24453783335,true
video,180977261087833,1000000000,180977.25920391668,true
audio,180977236285125,1000000000,180977.26588004167,true
video,180977277754458,1000000000,180977.27703404168,true
audio,180977256285125,1000000000,180977.2872291667,true
video,180977294421000,1000000000,180977.29364591668,true
audio,180977276285125,1000000000,180977.30853570835,true
video,180977311087666,1000000000,180977.31027433334,true
video,180977327754250,1000000000,180977.327652,true
audio,180977296285125,1000000000,180977.32985529167,true
video,180977344420833,1000000000,180977.34467570836,true
audio,180977316285125,1000000000,180977.35112629167,true
video,180977361087458,1000000000,180977.36138654168,true
audio,180977336285083,1000000000,180977.37248025002,true
video,180977386087333,1000000000,180977.38158070834,true
audio,180977356285125,1000000000,180977.3938975,true
video,180977402753958,1000000000,180977.39891075002,true
audio,180977376285125,1000000000,180977.41521916667,true
video,180977419420541,1000000000,180977.41578562502,true
video,180977436087166,1000000000,180977.4326286667,true
audio,180977396285083,1000000000,180977.43649395835,true
video,180977452753750,1000000000,180977.44980058333,true
audio,180977416285125,1000000000,180977.45784495835,true
video,180977469420333,1000000000,180977.467347125,true
audio,180977436285125,1000000000,180977.47917058333,true
video,180977486086958,1000000000,180977.4841699167,true
audio,180977456285125,1000000000,180977.50049900002,true
video,180977502753500,1000000000,180977.501748,true
video,180977519420083,1000000000,180977.51859400002,true
audio,180977476285125,1000000000,180977.52180225,true
video,180977536086708,1000000000,180977.53590933335,true
audio,180977496285125,1000000000,180977.54316637502,true
audio,180977516285125,1000000000,180977.56452479167,true
audio,180977536285125,1000000000,180977.56457008334,true
video,180977561086583,1000000000,180977.569568375,true
audio,180977556285083,1000000000,180977.58580841668,true
video,180977577753208,1000000000,180977.58635287502,true
video,180977602753041,1000000000,180977.60347125,true
audio,180977576285125,1000000000,180977.6072251667,true
video,180977619419708,1000000000,180977.62067325,true
audio,180977596285125,1000000000,180977.62851450001,true
video,180977644419583,1000000000,180977.63888995835,true
audio,180977616285083,1000000000,180977.649844875,true
video,180977661086250,1000000000,180977.65657470835,true
audio,180977636285125,1000000000,180977.67120129167,true
video,180977686086125,1000000000,180977.69077720834,true
audio,180977656285125,1000000000,180977.69252270836,true
video,180977711085958,1000000000,180977.70744575,true
audio,180977676285125,1000000000,180977.71392850002,true
video,180977727752625,1000000000,180977.72511925,true
audio,180977696285125,1000000000,180977.73525825,true
video,180977744419208,1000000000,180977.742678125,true
audio,180977716285125,1000000000,180977.75654979167,true
video,180977761085833,1000000000,180977.76068112502,true
video,180977777752416,1000000000,180977.7775975417,true
audio,180977736285125,1000000000,180977.77785475002,true
video,180977794419000,1000000000,180977.7944989167,true
audio,180977756285125,1000000000,180977.79926304167,true
video,180977811085625,1000000000,180977.81125404168,true
audio,180977776285125,1000000000,180977.82052958335,true
video,180977836085500,1000000000,180977.83153083335,true
audio,180977796285125,1000000000,180977.84192525002,true
video,180977852752125,1000000000,180977.8493699167,true
audio,180977816285125,1000000000,180977.863206,true
video,180977869418708,1000000000,180977.86654308334,true
video,180977886085291,1000000000,180977.8840375,true
audio,180977836285083,1000000000,180977.884535875,true
video,180977902751916,1000000000,180977.9012219167,true
audio,180977856285125,1000000000,180977.905929625,true
video,180977919418541,1000000000,180977.918638375,true
audio,180977876285125,1000000000,180977.9272315,true
audio,180977896285083,1000000000,180977.92729520836,true
video,180977936085125,1000000000,180977.93626829167,true
audio,180977916285125,1000000000,180977.94856420835,true
video,180977952751708,1000000000,180977.95290616667,true
video,180977969418291,1000000000,180977.96973333333,true
audio,180977936285125,1000000000,180977.96979279167,true
video,180977994418208,1000000000,180977.99080304167,true
audio,180977956285125,1000000000,180977.99106820836,true
video,180978011084791,1000000000,180978.00787258334,true
audio,180977976285125,1000000000,180978.01246458336,true
video,180978027751416,1000000000,180978.02512208335,true
audio,180977996285125,1000000000,180978.03387429166,true
video,180978044417958,1000000000,180978.042824375,true
audio,180978016285125,1000000000,180978.05517979167,true
video,180978061084583,1000000000,180978.059967,true
audio,180978036285125,1000000000,180978.07655291667,true
video,180978077751166,1000000000,180978.07700241668,true
video,180978094417750,1000000000,180978.09454787502,true
audio,180978056285083,1000000000,180978.0978336667,true
video,180978111084375,1000000000,180978.1112911667,true
audio,180978076285125,1000000000,180978.11922529168,true
video,180978136084250,1000000000,180978.13157258334,true
audio,180978096285125,1000000000,180978.140580375,true
video,180978152750875,1000000000,180978.14906133333,true
audio,180978116285083,1000000000,180978.16182562502,true
video,180978169417458,1000000000,180978.165950375,true
video,180978186084083,1000000000,180978.1831634167,true
audio,180978136285125,1000000000,180978.18326483335,true
video,180978202750666,1000000000,180978.20099933335,true
audio,180978156285125,1000000000,180978.20449212502,true
video,180978219417250,1000000000,180978.21780633336,true
audio,180978176285125,1000000000,180978.225821625,true
video,180978236083875,1000000000,180978.23477533335,true
audio,180978196285125,1000000000,180978.2471620417,true
audio,180978216285125,1000000000,180978.24720695833,true
video,180978252750458,1000000000,180978.25233154168,true
audio,180978236285125,1000000000,180978.26850195834,true
video,180978269417041,1000000000,180978.26940204168,true
video,180978286083666,1000000000,180978.28651720835,true
audio,180978256285125,1000000000,180978.28979304168,true
video,180978302750291,1000000000,180978.30326450002,true
audio,180978276285125,1000000000,180978.311174875,true
video,180978319416875,1000000000,180978.31988458335,true
audio,180978296285125,1000000000,180978.332524375,true
video,180978344416750,1000000000,180978.33873520835,true
audio,180978316285125,1000000000,180978.35382158335,true
video,180978361083416,1000000000,180978.35767025,true
audio,180978336285083,1000000000,180978.37513533334,true
video,180978377749958,1000000000,180978.37529770835,true
video,180978394416541,1000000000,180978.39323220836,true
audio,180978356285125,1000000000,180978.39649929167,true
video,180978411083208,1000000000,180978.41073975002,true
audio,180978376285125,1000000000,180978.41783741667,true
video,180978427749791,1000000000,180978.42733783333,true
audio,180978396285083,1000000000,180978.43912054168,true
video,180978444416375,1000000000,180978.44455608336,true
audio,180978416285125,1000000000,180978.46052879168,true
video,180978469416250,1000000000,180978.46403575002,true
video,180978486082875,1000000000,180978.48089912502,true
audio,180978436285125,1000000000,180978.48183175002,true
video,180978502749500,1000000000,180978.49896720835,true
audio,180978456285125,1000000000,180978.50320150002,true
video,180978519416083,1000000000,180978.51652775,true
audio,180978476285125,1000000000,180978.52448208333,true
audio,180978496285125,1000000000,180978.54587008336,true
video,180978544416000,1000000000,180978.55088108336,true
audio,180978516285125,1000000000,180978.56714312502,true
audio,180978536285125,1000000000,180978.56718720833,true
video,180978561082583,1000000000,180978.567611,true
video,180978586082416,1000000000,180978.58527958335,true
audio,180978556285083,1000000000,180978.58842466667,true
video,180978602749041,1000000000,180978.602389,true
audio,180978576285125,1000000000,180978.609765,true
video,180978627748916,1000000000,180978.62191733334,true
audio,180978596285125,1000000000,180978.63109833334,true
video,180978644415541,1000000000,180978.63890050002,true
audio,180978616285083,1000000000,180978.65246495834,true
audio,180978636285125,1000000000,180978.67392004168,true
video,180978669415416,1000000000,180978.67428933334,true
video,180978694415291,1000000000,180978.691870375,true
audio,180978656285125,1000000000,180978.69517379167,true
video,180978711081916,1000000000,180978.70851995834,true
audio,180978676285125,1000000000,180978.71654145836,true
video,180978727748541,1000000000,180978.726185,true
audio,180978696285125,1000000000,180978.73783283334,true
video,180978744415166,1000000000,180978.74397141667,true
audio,180978716285125,1000000000,180978.75919095834,true
video,180978761081750,1000000000,180978.7613185,true
video,180978777748375,1000000000,180978.77803891667,true
audio,180978736285125,1000000000,180978.78045833335,true
video,180978794415000,1000000000,180978.79464316668,true
audio,180978756285125,1000000000,180978.80187791667,true
video,180978811081583,1000000000,180978.81136866668,true
audio,180978776285125,1000000000,180978.8124706667,true
video,180978836081416,1000000000,180978.83130795835,true
audio,180978796285125,1000000000,180978.83383745834,true
video,180978852748083,1000000000,180978.84851950002,true
audio,180978816285125,1000000000,180978.85518479167,true
video,180978869414666,1000000000,180978.8656832917,true
audio,180978836285083,1000000000,180978.8765185,true
video,180978886081250,1000000000,180978.88279258335,true
audio,180978856285125,1000000000,180978.89784054167,true
video,180978902747875,1000000000,180978.899898375,true
video,180978919414458,1000000000,180978.9173626667,true
audio,180978876285125,1000000000,180978.91907941666,true
audio,180978896285083,1000000000,180978.91910466668,true
video,180978936081083,1000000000,180978.933961875,true
audio,180978916285125,1000000000,180978.9405235,true
video,180978952747708,1000000000,180978.9514566667,true
audio,180978936285125,1000000000,180978.96179908334,true
video,180978969414250,1000000000,180978.96809025,true
audio,180978956285125,1000000000,180978.98315633336,true
video,180978986080875,1000000000,180978.98475670835,true
video,180979002747458,1000000000,180979.00179675,true
audio,180978976285125,1000000000,180979.00445708336,true
video,180979019414041,1000000000,180979.01875254168,true
audio,180978996285125,1000000000,180979.0258016667,true
video,180979036080666,1000000000,180979.0356282917,true
audio,180979016285125,1000000000,180979.04721895835,true
video,180979052747291,1000000000,180979.05252395835,true
audio,180979036285125,1000000000,180979.06854966667,true
video,180979069413875,1000000000,180979.06937425002,true
video,180979086080458,1000000000,180979.08622875,true
audio,180979056285083,1000000000,180979.089864125,true
video,180979111080375,1000000000,180979.1056802917,true
audio,180979076285125,1000000000,180979.111130625,true
video,180979127746916,1000000000,180979.123517875,true
audio,180979096285125,1000000000,180979.13255162502,true
video,180979144413500,1000000000,180979.14048983334,true
audio,180979116285083,1000000000,180979.1537925,true
video,180979161080125,1000000000,180979.15738812502,true
video,180979177746708,1000000000,180979.174237,true
audio,180979136285125,1000000000,180979.17518270834,true
video,180979194413333,1000000000,180979.19157420835,true
audio,180979156285125,1000000000,180979.1965069167,true
video,180979211079916,1000000000,180979.20955329167,true
audio,180979176285125,1000000000,180979.2178576667,true
video,180979227746583,1000000000,180979.22661620835,true
audio,180979196285125,1000000000,180979.239179625,true
audio,180979216285125,1000000000,180979.23921791668,true
video,180979244413125,1000000000,180979.24334437502,true
audio,180979236285125,1000000000,180979.26046175,true
video,180979261079708,1000000000,180979.26056033335,true
video,180979277746333,1000000000,180979.27800091667,true
audio,180979256285125,1000000000,180979.2818594167,true
video,180979302746250,1000000000,180979.297262,true
audio,180979276285125,1000000000,180979.3031720417,true
video,180979319412833,1000000000,180979.3151316667,true
audio,180979296285125,1000000000,180979.32449445836,true
video,180979336079416,1000000000,180979.331989875,true
audio,180979316285125,1000000000,180979.345811,true
video,180979352746041,1000000000,180979.34883766668,true
video,180979369412625,1000000000,180979.3665927917,true
audio,180979336285083,1000000000,180979.367097625,true
video,180979386079208,1000000000,180979.38354504167,true
audio,180979356285125,1000000000,180979.38844645835,true
video,180979402745833,1000000000,180979.400488,true
audio,180979376285125,1000000000,180979.40985095836,true
video,180979419412416,1000000000,180979.41783533336,true
audio,180979396285083,1000000000,180979.43120033335,true
video,180979436079000,1000000000,180979.43500654167,true
video,180979452745625,1000000000,180979.45226816667,true
audio,180979416285125,1000000000,180979.45248704168,true
video,180979469412208,1000000000,180979.46945537502,true
audio,180979436285125,1000000000,180979.47383804168,true
video,180979486078833,1000000000,180979.48629704167,true
audio,180979456285125,1000000000,180979.49520604167,true
video,180979511078708,1000000000,180979.50539154166,true
audio,180979476285125,1000000000,180979.51648129168,true
video,180979519412000,1000000000,180979.52316841666,true
audio,180979496285125,1000000000,180979.5377837917,true
audio,180979516285125,1000000000,180979.55912025002,true
audio,180979536285125,1000000000,180979.55915695833,true
audio,180979556285083,1000000000,180979.58044466667,true
audio,180979576285125,1000000000,180979.60177395833,true
audio,180979596285125,1000000000,180979.62309112502,true
audio,180979616285083,1000000000,180979.64441933334,true
audio,180979636285125,1000000000,180979.66576583334,true
audio,180979656285125,1000000000,180979.68715554167,true
video,180979694410375,1000000000,180979.69633537502,true
audio,180979676285125,1000000000,180979.7085615417,true
video,180979719411125,1000000000,180979.71413108334,true
audio,180979696285125,1000000000,180979.72976720834,true
video,180979736077791,1000000000,180979.73264220834,true
video,180979752744375,1000000000,180979.749992,true
audio,180979716285125,1000000000,180979.75116229168,true
video,180979769410958,1000000000,180979.76790675,true
audio,180979736285125,1000000000,180979.77246716668,true
video,180979786077625,1000000000,180979.7849362917,true
audio,180979756285125,1000000000,180979.79384229166,true
video,180979802744166,1000000000,180979.801780125,true
audio,180979776285125,1000000000,180979.81518383336,true
video,180979819410791,1000000000,180979.81906929167,true
video,180979836077375,1000000000,180979.8363522917,true
audio,180979796285125,1000000000,180979.8364127917,true
video,180979852744000,1000000000,180979.85299100002,true
audio,180979816285125,1000000000,180979.85783333334,true
video,180979877743875,1000000000,180979.87347925,true
audio,180979836285083,1000000000,180979.87911754168,true
video,180979894410458,1000000000,180979.89048533334,true
audio,180979856285125,1000000000,180979.90050908335,true
video,180979911077125,1000000000,180979.90810250002,true
audio,180979876285125,1000000000,180979.92179595833,true
audio,180979896285083,1000000000,180979.92183600002,true
video,180979927743708,1000000000,180979.92594791666,true
video,180979944410333,1000000000,180979.94307320836,true
audio,180979916285125,1000000000,180979.94311808335,true
video,180979961076875,1000000000,180979.95995837502,true
audio,180979936285125,1000000000,180979.96458483333,true
video,180979977743500,1000000000,180979.97713058334,true
audio,180979956285125,1000000000,180979.98589462502,true
video,180979994410083,1000000000,180979.99455975002,true
audio,180979976285125,1000000000,180980.00737112502,true
video,180980011076708,1000000000,180980.01148666668,true
audio,180979996285125,1000000000,180980.02856995835,true
video,180980036076625,1000000000,180980.03168641668,true
video,180980052743208,1000000000,180980.04948837502,true
audio,180980016285125,1000000000,180980.04985616668,true
video,180980069409875,1000000000,180980.06721266668,true
audio,180980036285125,1000000000,180980.071206875,true
video,180980086076416,1000000000,180980.08465441669,true
audio,180980056285083,1000000000,180980.0925345,true
video,180980102743041,1000000000,180980.10240545834,true
audio,180980076285125,1000000000,180980.11382745835,true
video,180980119409625,1000000000,180980.11956575,true
audio,180980096285125,1000000000,180980.13524229167,true
video,180980136076250,1000000000,180980.13638225,true
audio,180980116285083,1000000000,180980.15648733336,true
video,180980161076125,1000000000,180980.15764604168,true
video,180980177742708,1000000000,180980.1753741667,true
audio,180980136285125,1000000000,180980.17780625002,true
video,180980194409333,1000000000,180980.19203995835,true
audio,180980156285125,1000000000,180980.19918854168,true
video,180980211075875,1000000000,180980.20904720834,true
audio,180980176285125,1000000000,180980.22053750002,true
video,180980227742458,1000000000,180980.22626929168,true
audio,180980196285125,1000000000,180980.24181604167,true
audio,180980216285125,1000000000,180980.24186358333,true
video,180980244409083,1000000000,180980.24349483335,true
video,180980261075666,1000000000,180980.26143375,true
audio,180980236285125,1000000000,180980.2631215,true
video,180980277742291,1000000000,180980.2778651667,true
audio,180980256285125,1000000000,180980.28458925002,true
video,180980302742166,1000000000,180980.29787320836,true
audio,180980276285125,1000000000,180980.30590125002,true
video,180980319408791,1000000000,180980.31537883336,true
audio,180980296285125,1000000000,180980.32721745834,true
video,180980336075375,1000000000,180980.332201125,true
audio,180980316285125,1000000000,180980.34853233333,true
video,180980352742041,1000000000,180980.3495497917,true
video,180980369408625,1000000000,180980.366737,true
audio,180980336285083,1000000000,180980.36979133333,true
video,180980386075166,1000000000,180980.3839191667,true
audio,180980356285125,1000000000,180980.39120162503,true
video,180980402741791,1000000000,180980.40111654167,true
audio,180980376285125,1000000000,180980.412487875,true
video,180980419408416,1000000000,180980.4178595417,true
audio,180980396285083,1000000000,180980.43388195834,true
video,180980436074958,1000000000,180980.4352194167,true
video,180980452741625,1000000000,180980.45266741668,true
audio,180980416285125,1000000000,180980.455113625,true
video,180980469408166,1000000000,180980.469350375,true
audio,180980436285125,1000000000,180980.47650945836,true
video,180980486074791,1000000000,180980.48622516668,true
audio,180980456285125,1000000000,180980.4978116667,true
video,180980502741375,1000000000,180980.50292312502,true
audio,180980476285125,1000000000,180980.51920945835,true
video,180980519407958,1000000000,180980.51959308336,true
video,180980544407833,1000000000,180980.54011620834,true
audio,180980496285125,1000000000,180980.54043329167,true
video,180980561074458,1000000000,180980.556938625,true
audio,180980516285125,1000000000,180980.56180554169,true
audio,180980536285125,1000000000,180980.56184279168,true
audio,180980556285083,1000000000,180980.58318820834,true
video,180980586074375,1000000000,180980.591396125,true
audio,180980576285125,1000000000,180980.60452029167,true
video,180980602741000,1000000000,180980.60939920833,true
audio,180980596285125,1000000000,180980.625815,true
video,180980627740833,1000000000,180980.6269356667,true
video,180980644407458,1000000000,180980.644185125,true
audio,180980616285083,1000000000,180980.64710616667,true
video,180980669407333,1000000000,180980.66356375001,true
audio,180980636285125,1000000000,180980.66846645833,true
video,180980686074000,1000000000,180980.680599,true
audio,180980656285125,1000000000,180980.68981229168,true
video,180980702740625,1000000000,180980.69790008335,true
audio,180980676285125,1000000000,180980.71119375,true
video,180980719407166,1000000000,180980.71564879167,true
audio,180980696285125,1000000000,180980.73246675002,true
video,180980736073791,1000000000,180980.7327865,true
video,180980752740333,1000000000,180980.74970570835,true
audio,180980716285125,1000000000,180980.75380820833,true
video,180980769407000,1000000000,180980.76706891667,true
audio,180980736285125,1000000000,180980.775222875,true
video,180980786073583,1000000000,180980.784343875,true
audio,180980756285125,1000000000,180980.79650695834,true
video,180980802740166,1000000000,180980.80128275,true
audio,180980776285125,1000000000,180980.81787600002,true
video,180980819406791,1000000000,180980.81807733336,true
